PG,EDP_Type,DS1_Fra_Median,DS1_Fra_LnStDev,DS2_Fra_Median,DS2_Fra_LnStDev,DS3_Fra_Median,DS3_Fra_LnStDev,DS1_Loss_Median,DS1_Loss_LnStDev,DS2_Loss_Median,DS2_Loss_LnStDev,DS3_Loss_Median,DS3_Loss_LnStDev
PG1,IDR,0.01,0.3,0.02,0.3,0.05,0.3,250,0.4,500,0.4,800,0.5
PG2,IDR,0.018,0.3,0.03,0.3,0.05,0.3,350,0.4,550,0.4,800,0.5
PG3,IDR,0.002,0.4,0.0045,0.35,0.012,0.4,250,0.35,500,0.45,860,0.55
PG4,IDR,0.005,0.4,0.01,0.4,0.018,0.45,350,0.35,550,0.45,860,0.55
PG5,PFA,0.5,0.4,1,0.35,1.8,0.4,250,0.4,500,0.45,800,0.5
PG6,PFA,0.7,0.45,1.2,0.35,2.4,0.4,350,0.4,550,0.45,800,0.5
